{
	"format_version": "1.8.0",
	"animations": {
		"walk": {
			"loop": true,
			"animation_length": 1,
			"bones": {
				"root": {
					"position": {
						"0.0": [0, -0.5, 0],
						"1.0": [0, -0.5, 0]
					}
				},
				"head": {
					"rotation": {
						"0.0": [0, 0, -10],
						"0.125": [0, 0, -15],
						"0.2083": [0, 0, -17.28],
						"0.3333": [0, 0, -9.45],
						"0.5": [0, 0, 0.52],
						"0.7083": [0, 0, 8],
						"1.0": [0, 0, -10]
					}
				},
				"torsoteeth": {
					"rotation": [0, 0, 0]
				},
				"leftarm": {
					"rotation": {
						"0.0": [-11.2478, -8.15944, 63.56891],
						"1.0": [-11.2478, -8.15944, 63.56891]
					}
				},
				"leftelbow": {
					"rotation": {
						"0.0": [0, 0, 22.5],
						"0.125": [0, 0, 17.5],
						"0.3333": [0, 0, 25.43],
						"1.0": [0, 0, 22.5]
					}
				},
				"lefthand": {
					"rotation": {
						"0.0": [-3.48171, 3.1049, 1.70865],
						"0.5": [-3.51163, 8.09561, 1.40233],
						"0.7083": [-5.42584, 6.6707, -13.65801],
						"1.0": [-3.48171, 3.1049, 1.70865]
					}
				},
				"leftpointy": {
					"rotation": {
						"0.0": [-5.23619, 14.0761, -20.6469],
						"1.0": [-5.23619, 14.0761, -20.6469]
					}
				},
				"leftpointytip": {
					"rotation": {
						"0.0": [0, 0, 35],
						"0.125": [0, 0, 27.5],
						"0.2083": [0, 0, 22.83],
						"0.3333": [0, 0, 13.38],
						"0.5": [0, 0, 6.91],
						"1.0": [0, 0, 35]
					}
				},
				"leftpinky": {
					"rotation": {
						"0.0": [0, 0, -27.5],
						"1.0": [0, 0, -27.5]
					}
				},
				"leftpinkytip": {
					"rotation": {
						"0.0": [0, 0, 32.5],
						"0.125": [0, 0, 40],
						"0.2083": [0, 0, 47.17],
						"0.3333": [0, 0, 39],
						"0.5": [0, 0, 23.69],
						"1.0": [0, 0, 32.5]
					}
				},
				"leftthumb": {
					"rotation": {
						"0.0": [-2.5, -47.5, 0],
						"1.0": [-2.5, -47.5, 0]
					}
				},
				"leftthumbtip": {
					"rotation": {
						"0.0": [0, -22.5, 0],
						"0.125": [0, -27.5, 0],
						"0.2083": [0, -32.28, 0],
						"0.3333": [0, -29.34, 0],
						"0.5": [0, -39.01, 0],
						"1.0": [0, -22.5, 0]
					}
				},
				"rightarm": {
					"rotation": {
						"0.0": [-14.42671, 14.85863, -65.56849],
						"1.0": [-14.42671, 14.85863, -65.56849]
					}
				},
				"rightelbow": {
					"rotation": {
						"0.0": [-2.26269, 8.74959, -12.15907],
						"0.125": [-1.48576, 8.91323, -7.10175],
						"0.3333": [-2.7098, 8.61963, -15.12489],
						"0.7083": [-2.66877, -8.84932, -14.03099],
						"1.0": [-2.26269, 8.74959, -12.15907]
					}
				},
				"righthand": {
					"rotation": {
						"0.0": [0, -10, 0],
						"0.5": [0, -12.5, 0],
						"1.0": [0, -10, 0]
					}
				},
				"rightthumb": {
					"rotation": {
						"0.0": [0, 55, 0],
						"1.0": [0, 55, 0]
					}
				},
				"rightthumbtip": {
					"rotation": {
						"0.0": [0, 35, 0],
						"0.125": [1.33513, 42.92795, 6.85274],
						"0.2083": [3.77708, 42.58326, 6.55479],
						"0.3333": [8.6054, 42.23856, 6.25685],
						"0.5": [7.89508, 39.41846, 5.49773],
						"1.0": [0, 35, 0]
					}
				},
				"rightpointy": {
					"rotation": {
						"0.0": [0, 0, 20],
						"1.0": [0, 0, 20]
					}
				},
				"rightpointytip": {
					"rotation": {
						"0.0": [0, 0, -27.5],
						"0.125": [0, 0, -60],
						"0.2083": [0, 0, -61.09],
						"0.3333": [0, 0, -57.06],
						"0.5": [0, -5, -55.65238],
						"1.0": [0, 0, -27.5]
					}
				},
				"rightpinky": {
					"rotation": {
						"0.0": [-0.74379, 8.38773, 15.30032],
						"0.125": [-1.83963, 8.21841, 7.72269],
						"0.5": [-1.68187, 3.24267, 8.85917],
						"1.0": [-0.74379, 8.38773, 15.30032]
					}
				},
				"rightpinkytip": {
					"rotation": {
						"0.0": [0, 0, -35],
						"0.2083": [0, 0, -47.5],
						"0.3333": [0, 0, -41.93],
						"1.0": [0, 0, -35]
					}
				},
				"leftleg": {
					"rotation": {
						"0.0": [30, 0, 0],
						"0.2083": [15, 0, 0],
						"0.3333": [-11.82011, -2.57811, -2.41936],
						"0.5": [-24.82868, -2.45535, -2.30415],
						"0.7083": [-32.08724, -2.33258, -2.18895],
						"0.875": [-36.31949, -2.20981, -2.07374],
						"1.0": [30, 0, 0]
					}
				},
				"leftknee": {
					"rotation": {
						"0.0": [7.37463, 1.16826, 0.78817],
						"0.125": [12.0998, 0.08254, 2.0638],
						"0.2083": [-0.60564, 0.12974, 2.00834],
						"0.3333": [7.2571, 0.17695, 1.95288],
						"0.5": [19.7627, 0.22415, 1.89741],
						"0.7083": [26.64329, 0.27136, 1.84195],
						"0.875": [28.12915, 0.31857, 1.78649],
						"1.0": [7.37463, 1.16826, 0.78817]
					}
				},
				"leftfoot": {
					"rotation": {
						"0.0": [12.5, 0, 0],
						"0.125": [19.64728, 1.65549, 1.6665],
						"0.2083": [1.83653, 1.58352, 1.59405],
						"0.3333": [12.32123, 1.51154, 1.52159],
						"0.5": [7.32974, 1.43956, 1.44913],
						"0.7083": [12.58826, 1.36758, 1.37668],
						"0.875": [7.58361, 1.2956, 1.30422],
						"1.0": [12.5, 0, 0]
					}
				},
				"rightleg": {
					"rotation": {
						"0.0": [-16.14781, 3.63517, 5.21688],
						"0.125": [-20.51399, 3.24808, 2.79586],
						"0.3333": [9.86568, 3.28174, 3.00638],
						"0.5": [18.62694, 3.29857, 3.11164],
						"0.7083": [26.8882, 3.3154, 3.2169],
						"1.0": [-16.14781, 3.63517, 5.21688]
					}
				},
				"rightknee": {
					"rotation": {
						"0.0": [7.5, 0, 0],
						"0.3333": [20, 0, 0],
						"0.5": [24.4, 0, 0],
						"0.7083": [33.56, 0, 0],
						"0.875": [37.19, 0, 0],
						"1.0": [7.5, 0, 0]
					}
				},
				"rightfoot": {
					"rotation": {
						"0.125": [5, 0, 0],
						"0.2083": [15, 0, 0],
						"0.3333": [2.5, 0, 0],
						"0.5": [12.5, 0, 0],
						"0.7083": [30, 0, 0],
						"0.875": [32.5, 0, 0]
					}
				}
			}
		},
		"run": {
			"loop": true,
			"animation_length": 0.29167,
			"bones": {
				"root": {
					"position": {
						"0.0": [0, -0.5, 0],
						"0.2917": [0, -0.5, 0]
					}
				},
				"head": {
					"rotation": {
						"0.0": [0, 0, -10],
						"0.0417": [0, 0, -15],
						"0.0833": [0, 0, -17.28],
						"0.125": [0, 0, -9.45],
						"0.1667": [0, 0, 0.52],
						"0.2083": [0, 0, 8],
						"0.2917": [0, 0, -10]
					}
				},
				"torsoteeth": {
					"rotation": [0, 0, 0]
				},
				"leftarm": {
					"rotation": {
						"0.0": [-40.50763, 72.70752, 382.74815],
						"0.0417": [-84.03707, 61.03564, 344.23563],
						"0.0833": [-93.77827, 61.03564, 344.23563],
						"0.125": [-56.25021, 68.36351, 398.21056],
						"0.1667": [-67.21449, 67.17647, 365.19864],
						"0.2083": [-110.39075, 72.31703, 329.25915],
						"0.25": [-138.3544, 74.71602, 290.30719],
						"0.2917": [-46.35711, 74.52549, 16.65232]
					}
				},
				"leftelbow": {
					"rotation": {
						"0.0": [0, 0, 22.5],
						"0.0417": [0, 0, 17.5],
						"0.125": [0, 0, 25.43],
						"0.2917": [0, 0, 22.5]
					}
				},
				"lefthand": {
					"rotation": {
						"0.0": [-3.48171, 3.1049, 1.70865],
						"0.1667": [-3.51163, 8.09561, 1.40233],
						"0.2083": [-5.42584, 6.6707, -13.65801],
						"0.2917": [-3.48171, 3.1049, 1.70865]
					}
				},
				"leftpointy": {
					"rotation": {
						"0.0": [-5.23619, 14.0761, -20.6469],
						"0.2917": [-5.23619, 14.0761, -20.6469]
					}
				},
				"leftpointytip": {
					"rotation": {
						"0.0": [0, 0, 35],
						"0.0417": [0, 0, 27.5],
						"0.0833": [0, 0, 22.83],
						"0.125": [0, 0, 13.38],
						"0.1667": [0, 0, 6.91],
						"0.2917": [0, 0, 35]
					}
				},
				"leftpinky": {
					"rotation": {
						"0.0": [0, 0, -27.5],
						"0.2917": [0, 0, -27.5]
					}
				},
				"leftpinkytip": {
					"rotation": {
						"0.0": [0, 0, 32.5],
						"0.0417": [0, 0, 40],
						"0.0833": [0, 0, 47.17],
						"0.125": [0, 0, 39],
						"0.1667": [0, 0, 23.69],
						"0.2917": [0, 0, 32.5]
					}
				},
				"leftthumb": {
					"rotation": {
						"0.0": [-2.5, -47.5, 0],
						"0.2917": [-2.5, -47.5, 0]
					}
				},
				"leftthumbtip": {
					"rotation": {
						"0.0": [0, -22.5, 0],
						"0.0417": [0, -27.5, 0],
						"0.0833": [0, -32.28, 0],
						"0.125": [0, -29.34, 0],
						"0.1667": [0, -39.01, 0],
						"0.2917": [0, -22.5, 0]
					}
				},